{"MAE": 26.940758936571264, "SMAPE": 6.0450193198991515}