{"MAE": 25.187777109658114, "SMAPE": 5.956625636968684}