{"MAE": 32.24642857142857, "SMAPE": 7.292286359988653}