{"MAE": 29.580124555312285, "SMAPE": 6.996532518059524}