{"MAE": 34.63934027388464, "SMAPE": 8.843575996117703}