{"MAE": 30.686572149841894, "SMAPE": 6.922554400585119}