{"MAE": 30.338531332956563, "SMAPE": 7.498824773506746}