{"MAE": 28.257038243760938, "SMAPE": 6.306203678099658}