{"MAE": 30.22162468204244, "SMAPE": 7.342776317795026}