{"MAE": 43.104284408303684, "SMAPE": 11.873984050150831}