{"MAE": 43.117206619212624, "SMAPE": 11.87798041968703}