{"MAE": 31.10874812494723, "SMAPE": 7.803452055027678}