{"MAE": 30.338335288429906, "SMAPE": 7.498750956032133}