{"MAE": 28.544542995345697, "SMAPE": 6.405880742348323}