{"MAE": 27.71845107005554, "SMAPE": 6.228994824727682}