{"MAE": 28.39669937783745, "SMAPE": 6.767362209630145}