{"MAE": 28.396750751464715, "SMAPE": 6.7673855758620345}