{"MAE": 30.596823149626772, "SMAPE": 6.936477635728394}