{"MAE": 28.451714621236587, "SMAPE": 6.398404134157372}