{"MAE": 27.316527822817903, "SMAPE": 6.285625605003396}